q,type,verdict,conf,scope,drift
Does LoRA reduce training cost compared to full fine-tuning?,Factual,Strong Evidence,0.78,1,stable
Does FlashAttention reduce GPU memory usage during training?,Factual,Moderate Evidence,0.72,2,stable
Does speculative decoding improve inference throughput?,Factual,Context Dependent,0.78,1,stable
Does quantization to INT8 degrade model accuracy?,Factual,Mixed Evidence,0.45,1,stable
Does Mixture of Experts reduce compute cost per token?,Factual,Context Dependent,0.45,0,stable
Does KV cache compression reduce memory overhead in long context?,Factual,Mixed Evidence,0.74,1,stable
Does grouped query attention reduce inference latency?,Factual,Inconclusive,0.35,1,stable
Does prefix caching improve throughput for repeated prompts?,Factual,Mixed Evidence,0.45,1,stable
Does sliding window attention scale to longer sequences?,Factual,Mixed Evidence,0.4,0,stable
Does PagedAttention reduce memory fragmentation in LLM serving?,Factual,Limited Evidence,0.4,0,stable
Mamba vs Transformer: which has lower inference latency at long context?,Comparison,Strong Evidence,0.78,1,stable
LoRA vs full fine-tuning: which achieves better task accuracy?,Comparison,Strong Evidence,0.78,1,stable
FlashAttention vs standard attention: memory usage comparison,Comparison,Moderate Evidence,0.74,1,stable
Speculative decoding vs beam search: latency tradeoff comparison,Comparison,Moderate Evidence,0.73,2,stable
MoE vs dense transformer: throughput per parameter comparison,Comparison,Strong Evidence,0.78,0,stable
INT4 quantization vs INT8 quantization: accuracy vs speed tradeoff,Comparison,Moderate Evidence,0.63,2,stable
RWKV vs Transformer: which scales better with context length?,Comparison,Inconclusive,0.35,1,stable
PagedAttention vs standard KV cache: memory efficiency comparison,Comparison,Strong Evidence,0.78,1,stable
GQA vs MHA: latency comparison at inference time,Comparison,Inconclusive,0.35,0,stable
LoRA rank 4 vs rank 16: which gives better performance on downstream tasks?,Comparison,Moderate Evidence,0.63,1,stable
How does FlashAttention reduce memory usage in transformer attention?,Mechanistic,Moderate Evidence,0.75,1,stable
How does speculative decoding achieve speedup without quality loss?,Mechanistic,Moderate Evidence,0.74,1,stable
Why does KV cache compression cause accuracy degradation?,Mechanistic,Moderate Evidence,0.63,1,stable
How does LoRA achieve parameter efficiency in fine-tuning?,Mechanistic,Context Dependent,0.78,1,stable
Why does Mamba perform well on long sequences compared to Transformers?,Mechanistic,Moderate Evidence,0.74,1,stable
How does mixture of experts routing affect training stability?,Mechanistic,Mixed Evidence,0.4,0,stable
Why does quantization-aware training preserve accuracy better than post-training quantization?,Mechanistic,Moderate Evidence,0.75,1,stable
How does continuous batching improve GPU utilization in LLM serving?,Mechanistic,Moderate Evidence,0.73,1,stable
Why does sliding window attention fail on tasks requiring global context?,Mechanistic,Mixed Evidence,0.4,0,stable
How does tensor parallelism affect communication overhead in multi-GPU inference?,Mechanistic,Mixed Evidence,0.51,0,stable
