q,type,verdict,conf
Does LoRA reduce training cost compared to full fine-tuning?,Factual,Strong Evidence,0.78
Does FlashAttention reduce GPU memory usage during training?,Factual,Inconclusive,0.72
Does speculative decoding improve inference throughput?,Factual,Context Dependent,0.78
Does quantization to INT8 degrade model accuracy?,Factual,Mixed Evidence,0.74
Does Mixture of Experts reduce compute cost per token?,Factual,Context Dependent,0.45
Does KV cache compression reduce memory overhead in long context?,Factual,Mixed Evidence,0.74
Does grouped query attention reduce inference latency?,Factual,Inconclusive,0.35
Does prefix caching improve throughput for repeated prompts?,Factual,Mixed Evidence,0.45
Does sliding window attention scale to longer sequences?,Factual,Mixed Evidence,0.40
Does PagedAttention reduce memory fragmentation in LLM serving?,Factual,Limited Evidence,0.40
Mamba vs Transformer: which has lower inference latency at long context?,Comparison,Strong Evidence,0.78
LoRA vs full fine-tuning: which achieves better task accuracy?,Comparison,Strong Evidence,0.78
FlashAttention vs standard attention: memory usage comparison,Comparison,Inconclusive,0.74
Speculative decoding vs beam search: latency tradeoff comparison,Comparison,Moderate Evidence,0.52
MoE vs dense transformer: throughput per parameter comparison,Comparison,Moderate Evidence,0.73
INT4 quantization vs INT8 quantization: accuracy vs speed tradeoff,Comparison,Moderate Evidence,0.63
RWKV vs Transformer: which scales better with context length?,Comparison,Inconclusive,0.35
PagedAttention vs standard KV cache: memory efficiency comparison,Comparison,Strong Evidence,0.78
GQA vs MHA: latency comparison at inference time,Comparison,Inconclusive,0.35
LoRA rank 4 vs rank 16: which gives better performance on downstream tasks?,Comparison,Mixed Evidence,0.45
How does FlashAttention reduce memory usage in transformer attention?,Mechanistic,Strong Evidence,0.78
How does speculative decoding achieve speedup without quality loss?,Mechanistic,Mixed Evidence,0.40
Why does KV cache compression cause accuracy degradation?,Mechanistic,Moderate Evidence,0.74
How does LoRA achieve parameter efficiency in fine-tuning?,Mechanistic,Strong Evidence,0.78
Why does Mamba perform well on long sequences compared to Transformers?,Mechanistic,Moderate Evidence,0.74
How does mixture of experts routing affect training stability?,Mechanistic,Mixed Evidence,0.40
Why does quantization-aware training preserve accuracy better than post-training quantization?,Mechanistic,Limited Evidence,0.40
How does continuous batching improve GPU utilization in LLM serving?,Mechanistic,Moderate Evidence,0.73
Why does sliding window attention fail on tasks requiring global context?,Mechanistic,Mixed Evidence,0.40
How does tensor parallelism affect communication overhead in multi-GPU inference?,Mechanistic,Mixed Evidence,0.51
